
<?xml version="1.0" encoding="UTF-8"?>
<beans xmlns="http://www.springframework.org/schema/beans"
xmlns:xsi="http://www.w3.org/2001/XMLSchema-instance"
xmlns:context="http://www.springframework.org/schema/context"
xsi:schemaLocation="http://www.springframework.org/schema/beans
http://www.springframework.org/schema/beans/spring-beans.xsd
http://www.springframework.org/schema/context
http://www.springframework.org/schema/context/spring-context-4.1.xsd">
<context:component-scan base-package="com"></context:component-scan>
<bean class="org.springframework.jdbc.datasource.DriverManagerDataSource" id="ds"
scope="singleton">
<property name="driverClassName" value="com.mysql.cj.jdbc.Driver"></property>
<property name="url" value="jdbc:mysql://localhost:3306/phase3"></property>
<property name="username" value="root"></property>
<property name="password" value="Saveri@12052000"></property>
</bean>
<bean class="org.springframework.orm.hibernate5.LocalSessionFactoryBean" id="sf"
scope="singleton">
<property name="dataSource" ref="ds"></property>
<property name="annotatedClasses">
<list>
<value>com.bean.User</value>
</list>
</property>
<property name="hibernateProperties">
<props>
<prop
key="hibernate.dialect">org.hibernate.dialect.MySQLDialect</prop>
</props>
</property>
</bean>
</beans>