<!DOCTYPE hibernate-configuration PUBLIC
 "-//Hibernate/Hibernate Configuration DTD 3.0//EN"
 "http://www.hibernate.org/dtd/hibernate-configuration-3.0.dtd">
<hibernate-configuration>
    <session-factory>
        <!-- Data Source Configuration -->
        <property name="hibernate.connection.driver_class">com.mysql.cj.jdbc.Driver</property>
        <property name="hibernate.connection.url">jdbc:mysql://localhost:3306/ecommerce_DB</property>
        <property name="hibernate.connection.username">root</property>
        <property name="hibernate.connection.password">Vignesh@6381</property>

        <!-- Dialect for MySQL -->
        <property name="hibernate.dialect">org.hibernate.dialect.MySQL5Dialect</property>

        <!-- Show SQL in logs -->
        <property name="hibernate.show_sql">true</property>

        <!-- Automatically update the database schema -->
        <property name="hibernate.hbm2ddl.auto">update</property>

        <!-- Mapping for Product entity -->
       <mapping class="com.example.model.Product"/>
    </session-factory>
</hibernate-configuration>