<!DOCTYPE hibernate-mapping PUBLIC "-//Hibernate/Hibernate Mapping DTD 3.0//EN"
        "http://www.hibernate.org/dtd/hibernate-mapping-3.0.dtd">
<hibernate-mapping>
    <class name="com.example.model.Product" table="Product">
        <id name="id" column="id">
            <generator class="native" />
        </id>
        <property name="name" column="name" />
        <property name="description" column="description" />
        <property name="price" column="price" />
    </class>
</hibernate-mapping>